{"epochs":49,"_timestamp":1.7800548401457653e+09,"_step":149,"learning_rate":6.053278332436668e-05,"_wandb":{"runtime":657},"_runtime":657,"steps":5000}