{"_wandb":{"runtime":896},"_runtime":896,"steps":5000,"epochs":49,"_timestamp":1.7800569029092216e+09,"_step":149,"learning_rate":6.053278332436668e-05}